år,måned,type,column5,verdi
2021,1,Annet,,0
2021,1,Annet,,37.9
2021,1,Annet,,43.87
2021,1,Annet,,302
2021,1,Importert,,0
2021,1,Importert,,80
2021,1,Importert,,191.6
2021,1,Melvare,,0
2021,1,Pellet liten land,,0
2021,1,Pellet liten sjø,,75
2021,1,Pellet liten sjø,,121.5
2021,1,Pellet liten sjø,,4986.64
2021,1,Pellet liten sjø,,5773
2021,1,Pellet liten sjø,,6917.88
2021,1,Pellet liten sjø,,11025
2021,1,Pellet stor land,,0
2021,1,Pellet stor sjø,,0
2021,1,Pellet stor sjø,,230
2021,1,Pellet stor sjø,,17316
2021,1,Pellet stor sjø,,22258.33
2021,1,Pellet stor sjø,,22629
2021,1,Pellet stor sjø,,36146.73
2021,1,Settefisk,,0
2021,1,Settefisk,,157.7
2021,1,Settefisk,,1482.79
2021,1,Settefisk,,1841
2021,1,Total,,75
2021,1,Total,,351.5
2021,1,Total,,27440.57
2021,1,Total,,28341
2021,1,Total,,30545
2021,1,Total,,44591.270000000004
2021,2,Annet,,0
2021,2,Annet,,46.6
2021,2,Annet,,55.09
2021,2,Annet,,246
2021,2,Importert,,0
2021,2,Importert,,42
2021,2,Importert,,119.07
2021,2,Melvare,,0
2021,2,Pellet liten land,,0
2021,2,Pellet liten sjø,,99
2021,2,Pellet liten sjø,,157.2
2021,2,Pellet liten sjø,,4483.59
2021,2,Pellet liten sjø,,4573
2021,2,Pellet liten sjø,,5148.26
2021,2,Pellet liten sjø,,7476
2021,2,Pellet stor land,,0
2021,2,Pellet stor sjø,,0
2021,2,Pellet stor sjø,,0.3
2021,2,Pellet stor sjø,,13016
2021,2,Pellet stor sjø,,14243.619999999999
2021,2,Pellet stor sjø,,18887
2021,2,Pellet stor sjø,,27400.079999999998
2021,2,Settefisk,,0
2021,2,Settefisk,,72.47
2021,2,Settefisk,,1235.3
2021,2,Settefisk,,1986
2021,2,Total,,99
2021,2,Total,,157.5
2021,2,Total,,18846.28
2021,2,Total,,20492
2021,2,Total,,25692
2021,2,Total,,33838.73
2021,3,Annet,,0
2021,3,Annet,,47.4
2021,3,Annet,,48.44
2021,3,Annet,,396
2021,3,Importert,,0
2021,3,Importert,,52
2021,3,Importert,,318.24
2021,3,Melvare,,0
2021,3,Pellet liten land,,0
2021,3,Pellet liten sjø,,141
2021,3,Pellet liten sjø,,264.3
2021,3,Pellet liten sjø,,4670
2021,3,Pellet liten sjø,,5538.8899999999994
2021,3,Pellet liten sjø,,6238.0300000000007
2021,3,Pellet liten sjø,,8385
2021,3,Pellet stor land,,0
2021,3,Pellet stor sjø,,0
2021,3,Pellet stor sjø,,93
2021,3,Pellet stor sjø,,10476
2021,3,Pellet stor sjø,,20015
2021,3,Pellet stor sjø,,20118.92
2021,3,Pellet stor sjø,,30163.47
2021,3,Settefisk,,0
2021,3,Settefisk,,274.41
2021,3,Settefisk,,1774
2021,3,Settefisk,,2605
2021,3,Total,,141
2021,3,Total,,357.3
2021,3,Total,,18861
2021,3,Total,,25979.62
2021,3,Total,,27686.000000000004
2021,3,Total,,38223.94
2021,4,Annet,,0
2021,4,Annet,,52.92
2021,4,Annet,,58.41
2021,4,Annet,,245
2021,4,Importert,,0
2021,4,Importert,,53
2021,4,Importert,,177.63
2021,4,Melvare,,0
2021,4,Pellet liten land,,0
2021,4,Pellet liten sjø,,80.5
2021,4,Pellet liten sjø,,121.5
2021,4,Pellet liten sjø,,5894
2021,4,Pellet liten sjø,,6271.56
2021,4,Pellet liten sjø,,7130.56
2021,4,Pellet liten sjø,,10949
2021,4,Pellet stor land,,0
2021,4,Pellet stor sjø,,0
2021,4,Pellet stor sjø,,230
2021,4,Pellet stor sjø,,10292
2021,4,Pellet stor sjø,,18507
2021,4,Pellet stor sjø,,21371.31
2021,4,Pellet stor sjø,,32327.09
2021,4,Settefisk,,0
2021,4,Settefisk,,164.71
2021,4,Settefisk,,1468.68
2021,4,Settefisk,,2261
2021,4,Total,,80.5
2021,4,Total,,351.5
2021,4,Total,,21241
2021,4,Total,,26907
2021,4,Total,,27860.500000000004
2021,4,Total,,40984.74
2021,5,Annet,,0
2021,5,Annet,,60.81
2021,5,Annet,,63.22
2021,5,Annet,,453
2021,5,Importert,,0
2021,5,Importert,,99
2021,5,Importert,,264.19
2021,5,Melvare,,0
2021,5,Pellet liten land,,0
2021,5,Pellet liten sjø,,61.5
2021,5,Pellet liten sjø,,201.8
2021,5,Pellet liten sjø,,6181
2021,5,Pellet liten sjø,,8920.1799999999985
2021,5,Pellet liten sjø,,9997.4700000000012
2021,5,Pellet liten sjø,,12531.000000000002
2021,5,Pellet stor land,,0
2021,5,Pellet stor sjø,,0
2021,5,Pellet stor sjø,,411.8
2021,5,Pellet stor sjø,,8281
2021,5,Pellet stor sjø,,20872
2021,5,Pellet stor sjø,,27172.170000000002
2021,5,Pellet stor sjø,,42597.4
2021,5,Settefisk,,0
2021,5,Settefisk,,332.27
2021,5,Settefisk,,1362.16
2021,5,Settefisk,,1900
2021,5,Total,,61.5
2021,5,Total,,613.6
2021,5,Total,,20812
2021,5,Total,,29406.000000000004
2021,5,Total,,36487.84
2021,5,Total,,54017.840000000004
2021,6,Annet,,0
2021,6,Annet,,46
2021,6,Annet,,62.71
2021,6,Annet,,439
2021,6,Importert,,0
2021,6,Importert,,82
2021,6,Importert,,228.33
2021,6,Melvare,,0
2021,6,Pellet liten land,,0
2021,6,Pellet liten sjø,,33
2021,6,Pellet liten sjø,,140.6
2021,6,Pellet liten sjø,,8208
2021,6,Pellet liten sjø,,10436.019999999999
2021,6,Pellet liten sjø,,11635.06
2021,6,Pellet liten sjø,,16602
2021,6,Pellet stor land,,0
2021,6,Pellet stor sjø,,0
2021,6,Pellet stor sjø,,659
2021,6,Pellet stor sjø,,12248
2021,6,Pellet stor sjø,,31010.66
2021,6,Pellet stor sjø,,31405
2021,6,Pellet stor sjø,,51050.49
2021,6,Settefisk,,0
2021,6,Settefisk,,569.93
2021,6,Settefisk,,1895.98
2021,6,Settefisk,,2417
2021,6,Total,,33
2021,6,Total,,799.6
2021,6,Total,,28849.999999999996
2021,6,Total,,42062.61
2021,6,Total,,42469
2021,6,Total,,64644.24
2021,7,Annet,,0
2021,7,Annet,,45.61
2021,7,Annet,,58
2021,7,Annet,,468
2021,7,Importert,,0
2021,7,Importert,,51
2021,7,Importert,,213.91
2021,7,Melvare,,0
2021,7,Pellet liten land,,0
2021,7,Pellet liten sjø,,157.2
2021,7,Pellet liten sjø,,194.5
2021,7,Pellet liten sjø,,11982
2021,7,Pellet liten sjø,,13513.829999999998
2021,7,Pellet liten sjø,,15294.810000000001
2021,7,Pellet liten sjø,,23160
2021,7,Pellet stor land,,0
2021,7,Pellet stor sjø,,0
2021,7,Pellet stor sjø,,26
2021,7,Pellet stor sjø,,13726
2021,7,Pellet stor sjø,,34443
2021,7,Pellet stor sjø,,42508.75
2021,7,Pellet stor sjø,,54370.920000000006
2021,7,Settefisk,,0
2021,7,Settefisk,,407.41
2021,7,Settefisk,,2033.22
2021,7,Settefisk,,2338
2021,7,Total,,183.2
2021,7,Total,,194.5
2021,7,Total,,36886
2021,7,Total,,49230.999999999993
2021,7,Total,,56487.990000000005
2021,7,Total,,71744.56
2021,8,Annet,,0
2021,8,Annet,,30.44
2021,8,Annet,,46.96
2021,8,Annet,,408
2021,8,Importert,,0
2021,8,Importert,,54
2021,8,Importert,,135.87
2021,8,Melvare,,0
2021,8,Pellet liten land,,0
2021,8,Pellet liten sjø,,138
2021,8,Pellet liten sjø,,211
2021,8,Pellet liten sjø,,13816.85
2021,8,Pellet liten sjø,,14394
2021,8,Pellet liten sjø,,18974.53
2021,8,Pellet liten sjø,,25047
2021,8,Pellet stor land,,0
2021,8,Pellet stor sjø,,0
2021,8,Pellet stor sjø,,142
2021,8,Pellet stor sjø,,15892
2021,8,Pellet stor sjø,,41461
2021,8,Pellet stor sjø,,50359.85
2021,8,Pellet stor sjø,,62734.520000000004
2021,8,Settefisk,,0
2021,8,Settefisk,,392.93
2021,8,Settefisk,,2104
2021,8,Settefisk,,2226.14
2021,8,Total,,211
2021,8,Total,,280
2021,8,Total,,40939
2021,8,Total,,58366.999999999993
2021,8,Total,,64600.07
2021,8,Total,,83982.150000000009
2021,9,Annet,,0
2021,9,Annet,,17.65
2021,9,Annet,,57.5
2021,9,Annet,,532
2021,9,Importert,,0
2021,9,Importert,,60
2021,9,Importert,,189.25
2021,9,Melvare,,0
2021,9,Pellet liten land,,0
2021,9,Pellet liten sjø,,99.5
2021,9,Pellet liten sjø,,131.1
2021,9,Pellet liten sjø,,11647
2021,9,Pellet liten sjø,,12501.36
2021,9,Pellet liten sjø,,15895.269999999999
2021,9,Pellet liten sjø,,23142
2021,9,Pellet stor land,,0
2021,9,Pellet stor sjø,,0
2021,9,Pellet stor sjø,,342.4
2021,9,Pellet stor sjø,,15560
2021,9,Pellet stor sjø,,41323
2021,9,Pellet stor sjø,,51812.100000000006
2021,9,Pellet stor sjø,,64882.48
2021,9,Settefisk,,0
2021,9,Settefisk,,460.75
2021,9,Settefisk,,2012.56
2021,9,Settefisk,,2244
2021,9,Total,,99.5
2021,9,Total,,473.5
2021,9,Total,,38702
2021,9,Total,,55746
2021,9,Total,,64831.71
2021,9,Total,,82807.959999999992
2021,10,Annet,,0
2021,10,Annet,,27.4
2021,10,Annet,,37.9
2021,10,Annet,,517
2021,10,Importert,,0
2021,10,Importert,,62
2021,10,Importert,,97.59
2021,10,Melvare,,0
2021,10,Pellet liten land,,0
2021,10,Pellet liten sjø,,73.5
2021,10,Pellet liten sjø,,102.6
2021,10,Pellet liten sjø,,9185
2021,10,Pellet liten sjø,,9590.5299999999988
2021,10,Pellet liten sjø,,13648.380000000001
2021,10,Pellet liten sjø,,20241
2021,10,Pellet stor land,,0
2021,10,Pellet stor sjø,,0
2021,10,Pellet stor sjø,,169
2021,10,Pellet stor sjø,,17877
2021,10,Pellet stor sjø,,38759
2021,10,Pellet stor sjø,,53066.75
2021,10,Pellet stor sjø,,65527.63
2021,10,Settefisk,,0
2021,10,Settefisk,,380.89
2021,10,Settefisk,,2148
2021,10,Settefisk,,2279.56
2021,10,Total,,73.5
2021,10,Total,,271.6
2021,10,Total,,38118
2021,10,Total,,50609.000000000007
2021,10,Total,,63065.57
2021,10,Total,,81493.47
2021,11,Annet,,0
2021,11,Annet,,22.97
2021,11,Annet,,68.39
2021,11,Annet,,608
2021,11,Importert,,0
2021,11,Importert,,80
2021,11,Importert,,131.4
2021,11,Melvare,,0
2021,11,Pellet liten land,,0
2021,11,Pellet liten sjø,,60.5
2021,11,Pellet liten sjø,,122.6
2021,11,Pellet liten sjø,,7984
2021,11,Pellet liten sjø,,8988.9
2021,11,Pellet liten sjø,,10283.939999999999
2021,11,Pellet liten sjø,,14404
2021,11,Pellet stor land,,0
2021,11,Pellet stor sjø,,0
2021,11,Pellet stor sjø,,290.9
2021,11,Pellet stor sjø,,17257
2021,11,Pellet stor sjø,,31516
2021,11,Pellet stor sjø,,43955.93
2021,11,Pellet stor sjø,,44941.31
2021,11,Settefisk,,0
2021,11,Settefisk,,247.61
2021,11,Settefisk,,1703.33
2021,11,Settefisk,,2034
2021,11,Total,,60.5
2021,11,Total,,413.5
2021,11,Total,,31661
2021,11,Total,,42142
2021,11,Total,,54246.21
2021,11,Total,,55966.170000000006
2021,12,Annet,,0
2021,12,Annet,,34.26
2021,12,Annet,,40.22
2021,12,Annet,,438
2021,12,Importert,,0
2021,12,Importert,,58
2021,12,Importert,,91.55
2021,12,Melvare,,0
2021,12,Pellet liten land,,0
2021,12,Pellet liten sjø,,33.2
2021,12,Pellet liten sjø,,138.5
2021,12,Pellet liten sjø,,6486
2021,12,Pellet liten sjø,,7601.1500000000005
2021,12,Pellet liten sjø,,9097.4
2021,12,Pellet liten sjø,,10655
2021,12,Pellet stor land,,0
2021,12,Pellet stor sjø,,0
2021,12,Pellet stor sjø,,227
2021,12,Pellet stor sjø,,18207
2021,12,Pellet stor sjø,,24177
2021,12,Pellet stor sjø,,31328.8
2021,12,Pellet stor sjø,,34626.39
2021,12,Settefisk,,0
2021,12,Settefisk,,142.29
2021,12,Settefisk,,1453.66
2021,12,Settefisk,,1621
2021,12,Total,,138.5
2021,12,Total,,260.2
2021,12,Total,,28862.000000000004
2021,12,Total,,32721.999999999996
2021,12,Total,,39106.5
2021,12,Total,,45217.67
2022,1,Annet,,0
2022,1,Annet,,29
2022,1,Annet,,34.43
2022,1,Annet,,682
2022,1,Importert,,0
2022,1,Importert,,69
2022,1,Importert,,91.54
2022,1,Melvare,,0
2022,1,Pellet liten land,,0
2022,1,Pellet liten sjø,,92.5
2022,1,Pellet liten sjø,,121.5
2022,1,Pellet liten sjø,,4966
2022,1,Pellet liten sjø,,5325.9500000000007
2022,1,Pellet liten sjø,,5944.35
2022,1,Pellet liten sjø,,10753
2022,1,Pellet stor land,,0
2022,1,Pellet stor sjø,,0
2022,1,Pellet stor sjø,,230
2022,1,Pellet stor sjø,,12560
2022,1,Pellet stor sjø,,18443
2022,1,Pellet stor sjø,,23254.97
2022,1,Pellet stor sjø,,24569.5
2022,1,Settefisk,,0
2022,1,Settefisk,,213.61
2022,1,Settefisk,,1409.96
2022,1,Settefisk,,1809
2022,1,Total,,92.5
2022,1,Total,,351.5
2022,1,Total,,23313
2022,1,Total,,25900
2022,1,Total,,29447.36
2022,1,Total,,31334.41
2022,2,Annet,,0
2022,2,Annet,,0.1
2022,2,Annet,,405
2022,2,Annet,,409.42
2022,2,Importert,,0
2022,2,Importert,,20
2022,2,Importert,,100.23
2022,2,Melvare,,0
2022,2,Pellet liten land,,0
2022,2,Pellet liten sjø,,150
2022,2,Pellet liten sjø,,157
2022,2,Pellet liten sjø,,4015
2022,2,Pellet liten sjø,,5244.04
2022,2,Pellet liten sjø,,5948.57
2022,2,Pellet liten sjø,,8494
2022,2,Pellet stor land,,0
2022,2,Pellet stor sjø,,0
2022,2,Pellet stor sjø,,28.4
2022,2,Pellet stor sjø,,9543
2022,2,Pellet stor sjø,,16504
2022,2,Pellet stor sjø,,18509.31
2022,2,Pellet stor sjø,,24300.22
2022,2,Settefisk,,0
2022,2,Settefisk,,181.4
2022,2,Settefisk,,905.45
2022,2,Settefisk,,1976
2022,2,Total,,157
2022,2,Total,,178.4
2022,2,Total,,18037
2022,2,Total,,22900
2022,2,Total,,24344.170000000002
2022,2,Total,,31154.34
2022,3,Annet,,0
2022,3,Annet,,213
2022,3,Annet,,494
2022,3,Annet,,510.12
2022,3,Importert,,0
2022,3,Importert,,46
2022,3,Importert,,126.41
2022,3,Melvare,,0
2022,3,Pellet liten land,,0
2022,3,Pellet liten sjø,,79.9
2022,3,Pellet liten sjø,,150.5
2022,3,Pellet liten sjø,,5917
2022,3,Pellet liten sjø,,6540.44
2022,3,Pellet liten sjø,,7878.43
2022,3,Pellet liten sjø,,11227.470000000001
2022,3,Pellet stor land,,0
2022,3,Pellet stor sjø,,-3
2022,3,Pellet stor sjø,,0
2022,3,Pellet stor sjø,,9996.1400000000012
2022,3,Pellet stor sjø,,17558
2022,3,Pellet stor sjø,,20616.53
2022,3,Pellet stor sjø,,30962.780000000002
2022,3,Settefisk,,0
2022,3,Settefisk,,188.7
2022,3,Settefisk,,1425.55
2022,3,Settefisk,,2044
2022,3,Total,,76.9
2022,3,Total,,150.5
2022,3,Total,,21223.61
2022,3,Total,,26013
2022,3,Total,,27855.79
2022,3,Total,,40479.759999999995
2022,4,Annet,,0
2022,4,Annet,,380.29
2022,4,Annet,,676.08
2022,4,Importert,,0
2022,4,Importert,,39
2022,4,Importert,,166.75
2022,4,Melvare,,0
2022,4,Pellet liten land,,0
2022,4,Pellet liten sjø,,31
2022,4,Pellet liten sjø,,246
2022,4,Pellet liten sjø,,5807.9100000000008
2022,4,Pellet liten sjø,,5933.02
2022,4,Pellet liten sjø,,6980.7800000000007
2022,4,Pellet liten sjø,,11706
2022,4,Pellet stor land,,0
2022,4,Pellet stor sjø,,0
2022,4,Pellet stor sjø,,290
2022,4,Pellet stor sjø,,11188
2022,4,Pellet stor sjø,,17560.359999999997
2022,4,Pellet stor sjø,,21446.789999999997
2022,4,Pellet stor sjø,,25159.11
2022,4,Settefisk,,0
2022,4,Settefisk,,252.4
2022,4,Settefisk,,1436.36
2022,4,Settefisk,,1797.2
2022,4,Total,,246
2022,4,Total,,321
2022,4,Total,,22894
2022,4,Total,,25841.55
2022,4,Total,,28012.500000000004
2022,4,Total,,33576.25
2022,5,Annet,,0
2022,5,Annet,,381.57
2022,5,Annet,,839
2022,5,Importert,,0
2022,5,Importert,,58
2022,5,Importert,,184.75
2022,5,Melvare,,0
2022,5,Pellet liten land,,0
2022,5,Pellet liten sjø,,118
2022,5,Pellet liten sjø,,142
2022,5,Pellet liten sjø,,6829
2022,5,Pellet liten sjø,,7607.9800000000005
2022,5,Pellet liten sjø,,10917.14
2022,5,Pellet liten sjø,,13556.999999999998
2022,5,Pellet stor land,,0
2022,5,Pellet stor sjø,,0
2022,5,Pellet stor sjø,,150
2022,5,Pellet stor sjø,,11343
2022,5,Pellet stor sjø,,23225
2022,5,Pellet stor sjø,,28607.31
2022,5,Pellet stor sjø,,32687.659999999996
2022,5,Settefisk,,0
2022,5,Settefisk,,412.35
2022,5,Settefisk,,1716.93
2022,5,Settefisk,,2103
2022,5,Total,,142
2022,5,Total,,268
2022,5,Total,,24900
2022,5,Total,,32996
2022,5,Total,,37009.21
2022,5,Total,,45321.73
2022,6,Annet,,0
2022,6,Annet,,147.85
2022,6,Annet,,647
2022,6,Importert,,0
2022,6,Importert,,53
2022,6,Importert,,133.75
2022,6,Melvare,,0
2022,6,Pellet liten land,,0
2022,6,Pellet liten sjø,,79.5
2022,6,Pellet liten sjø,,103
2022,6,Pellet liten sjø,,9175
2022,6,Pellet liten sjø,,9301.69
2022,6,Pellet liten sjø,,12575.88
2022,6,Pellet liten sjø,,16366
2022,6,Pellet stor land,,0
2022,6,Pellet stor sjø,,0
2022,6,Pellet stor sjø,,530
2022,6,Pellet stor sjø,,15226
2022,6,Pellet stor sjø,,27897
2022,6,Pellet stor sjø,,30037.38
2022,6,Pellet stor sjø,,41994.72
2022,6,Settefisk,,0
2022,6,Settefisk,,454.65
2022,6,Settefisk,,1431.85
2022,6,Settefisk,,2156
2022,6,Total,,103
2022,6,Total,,609.5
2022,6,Total,,31592
2022,6,Total,,39875
2022,6,Total,,39941.57
2022,6,Total,,56002.450000000004
2022,7,Annet,,0
2022,7,Annet,,135.28
2022,7,Annet,,803
2022,7,Importert,,0
2022,7,Importert,,47
2022,7,Importert,,58.47
2022,7,Melvare,,0
2022,7,Pellet liten land,,0
2022,7,Pellet liten sjø,,42.4
2022,7,Pellet liten sjø,,165.5
2022,7,Pellet liten sjø,,11826.8
2022,7,Pellet liten sjø,,12640
2022,7,Pellet liten sjø,,14190.77
2022,7,Pellet liten sjø,,20355
2022,7,Pellet stor land,,0
2022,7,Pellet stor sjø,,0
2022,7,Pellet stor sjø,,872
2022,7,Pellet stor sjø,,18852
2022,7,Pellet stor sjø,,35031
2022,7,Pellet stor sjø,,41225.19
2022,7,Pellet stor sjø,,42244.7
2022,7,Settefisk,,0
2022,7,Settefisk,,493.19
2022,7,Settefisk,,1422.2
2022,7,Settefisk,,2226
2022,7,Total,,165.5
2022,7,Total,,914.4
2022,7,Total,,39207
2022,7,Total,,50700.000000000007
2022,7,Total,,54699.969999999994
2022,7,Total,,56838.159999999996
2022,8,Annet,,0
2022,8,Annet,,131.47
2022,8,Annet,,937
2022,8,Importert,,0
2022,8,Importert,,83
2022,8,Importert,,105.92
2022,8,Melvare,,0
2022,8,Pellet liten land,,0
2022,8,Pellet liten sjø,,101.4
2022,8,Pellet liten sjø,,153
2022,8,Pellet liten sjø,,13341.22
2022,8,Pellet liten sjø,,15528
2022,8,Pellet liten sjø,,19078.02
2022,8,Pellet liten sjø,,22157
2022,8,Pellet stor land,,0
2022,8,Pellet stor sjø,,0
2022,8,Pellet stor sjø,,396.1
2022,8,Pellet stor sjø,,19965
2022,8,Pellet stor sjø,,43628
2022,8,Pellet stor sjø,,53342.1
2022,8,Pellet stor sjø,,63984.969999999994
2022,8,Settefisk,,0
2022,8,Settefisk,,369
2022,8,Settefisk,,1709.26
2022,8,Settefisk,,2803
2022,8,Total,,153
2022,8,Total,,497.5
2022,8,Total,,42122
2022,8,Total,,62896
2022,8,Total,,67183.79
2022,8,Total,,84772.25
2022,9,Annet,,0
2022,9,Annet,,28.07
2022,9,Annet,,797
2022,9,Importert,,0
2022,9,Importert,,72
2022,9,Importert,,73.92
2022,9,Melvare,,0
2022,9,Pellet liten land,,0
2022,9,Pellet liten sjø,,94
2022,9,Pellet liten sjø,,220.6
2022,9,Pellet liten sjø,,14643.000000000002
2022,9,Pellet liten sjø,,16464.14
2022,9,Pellet liten sjø,,17511.19
2022,9,Pellet liten sjø,,25577.999999999996
2022,9,Pellet stor land,,0
2022,9,Pellet stor sjø,,0
2022,9,Pellet stor sjø,,820.5
2022,9,Pellet stor sjø,,15215.000000000002
2022,9,Pellet stor sjø,,39491
2022,9,Pellet stor sjø,,50391.909999999996
2022,9,Pellet stor sjø,,53330.81
2022,9,Settefisk,,0
2022,9,Settefisk,,380.5
2022,9,Settefisk,,1617.22
2022,9,Settefisk,,2395
2022,9,Total,,94
2022,9,Total,,1041.1
2022,9,Total,,40793
2022,9,Total,,57326
2022,9,Total,,67264.62
2022,9,Total,,72459.22
2022,10,Annet,,0
2022,10,Annet,,74.33
2022,10,Annet,,1034
2022,10,Importert,,0
2022,10,Importert,,57
2022,10,Importert,,94.08
2022,10,Melvare,,0
2022,10,Pellet liten land,,0
2022,10,Pellet liten sjø,,73
2022,10,Pellet liten sjø,,508.4
2022,10,Pellet liten sjø,,10584
2022,10,Pellet liten sjø,,14091.160000000002
2022,10,Pellet liten sjø,,16694.12
2022,10,Pellet liten sjø,,21428
2022,10,Pellet stor land,,0
2022,10,Pellet stor sjø,,0
2022,10,Pellet stor sjø,,833.4
2022,10,Pellet stor sjø,,14719.000000000002
2022,10,Pellet stor sjø,,40596
2022,10,Pellet stor sjø,,49337.15
2022,10,Pellet stor sjø,,53661.77
2022,10,Settefisk,,0
2022,10,Settefisk,,371.5
2022,10,Settefisk,,1562.7
2022,10,Settefisk,,2533
2022,10,Total,,73
2022,10,Total,,1341.8
2022,10,Total,,36147
2022,10,Total,,54747
2022,10,Total,,63874.14
2022,10,Total,,71918.59
2022,11,Annet,,0
2022,11,Annet,,60.98
2022,11,Annet,,852
2022,11,Importert,,0
2022,11,Importert,,75.28
2022,11,Importert,,80
2022,11,Melvare,,0
2022,11,Pellet liten land,,0
2022,11,Pellet liten sjø,,86.9
2022,11,Pellet liten sjø,,303.9
2022,11,Pellet liten sjø,,9766.369999999999
2022,11,Pellet liten sjø,,10305
2022,11,Pellet liten sjø,,14419.85
2022,11,Pellet liten sjø,,19137
2022,11,Pellet stor land,,0
2022,11,Pellet stor sjø,,0
2022,11,Pellet stor sjø,,1059.5
2022,11,Pellet stor sjø,,11001
2022,11,Pellet stor sjø,,37282
2022,11,Pellet stor sjø,,41779.83
2022,11,Pellet stor sjø,,47832
2022,11,Settefisk,,0
2022,11,Settefisk,,261.47
2022,11,Settefisk,,1143.3
2022,11,Settefisk,,2389
2022,11,Total,,86.9
2022,11,Total,,1363.4
2022,11,Total,,30137.999999999996
2022,11,Total,,50828.000000000007
2022,11,Total,,51868.65
2022,11,Total,,63395.15
2022,12,Annet,,0
2022,12,Annet,,43.92
2022,12,Annet,,1145
2022,12,Importert,,0
2022,12,Importert,,78.27
2022,12,Importert,,100
2022,12,Melvare,,0
2022,12,Pellet liten land,,0
2022,12,Pellet liten sjø,,154
2022,12,Pellet liten sjø,,199.4
2022,12,Pellet liten sjø,,6790.57
2022,12,Pellet liten sjø,,8281
2022,12,Pellet liten sjø,,10172.220000000001
2022,12,Pellet liten sjø,,18949
2022,12,Pellet stor land,,0
2022,12,Pellet stor sjø,,0
2022,12,Pellet stor sjø,,1132
2022,12,Pellet stor sjø,,11004
2022,12,Pellet stor sjø,,27436
2022,12,Pellet stor sjø,,31103.129999999997
2022,12,Pellet stor sjø,,35090.99
2022,12,Settefisk,,0
2022,12,Settefisk,,170
2022,12,Settefisk,,1167.93
2022,12,Settefisk,,1728
2022,12,Total,,154
2022,12,Total,,1331.4
2022,12,Total,,29953
2022,12,Total,,38107.62
2022,12,Total,,38590
2022,12,Total,,46431.14
2023,1,Annet,,0
2023,1,Annet,,43.7
2023,1,Annet,,218.1
2023,1,Annet,,952
2023,1,Importert,,0
2023,1,Importert,,34.9
2023,1,Importert,,106
2023,1,Melvare,,0
2023,1,Pellet liten land,,0
2023,1,Pellet liten sjø,,120
2023,1,Pellet liten sjø,,125.7
2023,1,Pellet liten sjø,,6163.47
2023,1,Pellet liten sjø,,6494.8099999999995
2023,1,Pellet liten sjø,,7570
2023,1,Pellet liten sjø,,13648
2023,1,Pellet stor land,,0
2023,1,Pellet stor sjø,,0
2023,1,Pellet stor sjø,,839
2023,1,Pellet stor sjø,,9948
2023,1,Pellet stor sjø,,22603
2023,1,Pellet stor sjø,,23208.54
2023,1,Pellet stor sjø,,23605.94
2023,1,Settefisk,,0
2023,1,Settefisk,,113.5
2023,1,Settefisk,,626.74
2023,1,Settefisk,,2080
2023,1,Total,,120
2023,1,Total,,964.7
2023,1,Total,,23596
2023,1,Total,,29860.550000000003
2023,1,Total,,30614.25
2023,1,Total,,33205
2023,2,Annet,,0
2023,2,Annet,,31.68
2023,2,Annet,,91.3
2023,2,Annet,,819
2023,2,Importert,,0
2023,2,Importert,,50.18
2023,2,Importert,,70
2023,2,Melvare,,0
2023,2,Pellet liten land,,0
2023,2,Pellet liten sjø,,63.9
2023,2,Pellet liten sjø,,225.7
2023,2,Pellet liten sjø,,4856.28
2023,2,Pellet liten sjø,,6173
2023,2,Pellet liten sjø,,6302.51
2023,2,Pellet liten sjø,,11096
2023,2,Pellet stor land,,0
2023,2,Pellet stor sjø,,0
2023,2,Pellet stor sjø,,977.5
2023,2,Pellet stor sjø,,8973
2023,2,Pellet stor sjø,,20041.530000000002
2023,2,Pellet stor sjø,,22391.62
2023,2,Pellet stor sjø,,22438
2023,2,Settefisk,,0
2023,2,Settefisk,,137.3
2023,2,Settefisk,,918.6
2023,2,Settefisk,,2046
2023,2,Total,,63.9
2023,2,Total,,1203.2
2023,2,Total,,20069
2023,2,Total,,25066.79
2023,2,Total,,29704.03
2023,2,Total,,31476
2023,3,Annet,,0
2023,3,Annet,,30.22
2023,3,Annet,,60
2023,3,Annet,,1104
2023,3,Importert,,0
2023,3,Importert,,41.82
2023,3,Importert,,96
2023,3,Melvare,,0
2023,3,Pellet liten land,,0
2023,3,Pellet liten sjø,,195
2023,3,Pellet liten sjø,,275.7
2023,3,Pellet liten sjø,,6135.5399999999991
2023,3,Pellet liten sjø,,6877
2023,3,Pellet liten sjø,,7897.9500000000007
2023,3,Pellet liten sjø,,13740.999999999998
2023,3,Pellet stor land,,0
2023,3,Pellet stor sjø,,0
2023,3,Pellet stor sjø,,1008.9
2023,3,Pellet stor sjø,,10937
2023,3,Pellet stor sjø,,21288.440000000002
2023,3,Pellet stor sjø,,22894.35
2023,3,Pellet stor sjø,,25958.000000000004
2023,3,Settefisk,,0
2023,3,Settefisk,,88.8
2023,3,Settefisk,,1172.7
2023,3,Settefisk,,3118
2023,3,Total,,195
2023,3,Total,,1284.6
2023,3,Total,,24678.000000000004
2023,3,Total,,27543
2023,3,Total,,32025
2023,3,Total,,37057
2023,4,Annet,,0
2023,4,Annet,,30.27
2023,4,Annet,,30.4
2023,4,Annet,,968
2023,4,Importert,,0
2023,4,Importert,,42.69
2023,4,Importert,,69
2023,4,Melvare,,0
2023,4,Pellet liten land,,0
2023,4,Pellet liten sjø,,81
2023,4,Pellet liten sjø,,140
2023,4,Pellet liten sjø,,5354.84
2023,4,Pellet liten sjø,,5799
2023,4,Pellet liten sjø,,9482
2023,4,Pellet liten sjø,,13216.999999999998
2023,4,Pellet stor land,,0
2023,4,Pellet stor sjø,,0
2023,4,Pellet stor sjø,,1499.9
2023,4,Pellet stor sjø,,9234
2023,4,Pellet stor sjø,,20489
2023,4,Pellet stor sjø,,22828.53
2023,4,Pellet stor sjø,,23138.02
2023,4,Settefisk,,0
2023,4,Settefisk,,70.23
2023,4,Settefisk,,1189.12
2023,4,Settefisk,,2111
2023,4,Total,,81
2023,4,Total,,1639.9
2023,4,Total,,22451
2023,4,Total,,28283.87
2023,4,Total,,29367
2023,4,Total,,33839.54
2023,5,Annet,,0
2023,5,Annet,,24.3
2023,5,Annet,,24.53
2023,5,Annet,,1392
2023,5,Importert,,0
2023,5,Importert,,42
2023,5,Importert,,42.28
2023,5,Melvare,,0
2023,5,Pellet liten land,,0
2023,5,Pellet liten sjø,,153.4
2023,5,Pellet liten sjø,,230
2023,5,Pellet liten sjø,,5307
2023,5,Pellet liten sjø,,8366
2023,5,Pellet liten sjø,,12798.74
2023,5,Pellet liten sjø,,17368
2023,5,Pellet stor land,,0
2023,5,Pellet stor sjø,,0
2023,5,Pellet stor sjø,,2098.73
2023,5,Pellet stor sjø,,10715
2023,5,Pellet stor sjø,,26030.79
2023,5,Pellet stor sjø,,33505
2023,5,Pellet stor sjø,,35697.72
2023,5,Settefisk,,0
2023,5,Settefisk,,114.55
2023,5,Settefisk,,1409.21
2023,5,Settefisk,,2731
2023,5,Total,,153.4
2023,5,Total,,2328.73
2023,5,Total,,28083
2023,5,Total,,31476.870000000003
2023,5,Total,,45994
2023,5,Total,,49929.97
2023,6,Annet,,0
2023,6,Annet,,26.36
2023,6,Annet,,137.7
2023,6,Annet,,967
2023,6,Importert,,0
2023,6,Importert,,58.76
2023,6,Importert,,102
2023,6,Melvare,,0
2023,6,Pellet liten land,,0
2023,6,Pellet liten land,,38
2023,6,Pellet liten land,,244.5
2023,6,Pellet liten sjø,,33
2023,6,Pellet liten sjø,,140.6
2023,6,Pellet liten sjø,,7139.12
2023,6,Pellet liten sjø,,7806
2023,6,Pellet liten sjø,,14185.79
2023,6,Pellet liten sjø,,20299
2023,6,Pellet stor land,,0
2023,6,Pellet stor sjø,,0
2023,6,Pellet stor sjø,,659
2023,6,Pellet stor sjø,,13388
2023,6,Pellet stor sjø,,31329
2023,6,Pellet stor sjø,,34454.93
2023,6,Pellet stor sjø,,40090.740000000005
2023,6,Settefisk,,0
2023,6,Settefisk,,167.8
2023,6,Settefisk,,1459.02
2023,6,Settefisk,,2405
2023,6,Total,,33
2023,6,Total,,799.6
2023,6,Total,,33725
2023,6,Total,,42032.71
2023,6,Total,,42507
2023,6,Total,,55873.25
2023,7,Annet,,0
2023,7,Annet,,15
2023,7,Annet,,20.84
2023,7,Annet,,1113
2023,7,Importert,,0
2023,7,Importert,,42
2023,7,Importert,,45.79
2023,7,Melvare,,0
2023,7,Pellet liten land,,0
2023,7,Pellet liten land,,87
2023,7,Pellet liten land,,498.5
2023,7,Pellet liten sjø,,0
2023,7,Pellet liten sjø,,365.5
2023,7,Pellet liten sjø,,9969
2023,7,Pellet liten sjø,,11302.93
2023,7,Pellet liten sjø,,21015.29
2023,7,Pellet liten sjø,,22654.99
2023,7,Pellet stor land,,0
2023,7,Pellet stor sjø,,0
2023,7,Pellet stor sjø,,2491.8
2023,7,Pellet stor sjø,,14074.75
2023,7,Pellet stor sjø,,39907
2023,7,Pellet stor sjø,,45304.5
2023,7,Pellet stor sjø,,51804.539999999994
2023,7,Settefisk,,0
2023,7,Settefisk,,237.5
2023,7,Settefisk,,246.5
2023,7,Settefisk,,2135.8
2023,7,Settefisk,,2592
2023,7,Total,,246.5
2023,7,Total,,2872.3
2023,7,Total,,36816.74
2023,7,Total,,53581
2023,7,Total,,57358.43
2023,7,Total,,74976.47
2023,8,Annet,,0
2023,8,Annet,,4.5
2023,8,Annet,,9.2
2023,8,Annet,,52.4
2023,8,Annet,,1095
2023,8,Importert,,0
2023,8,Importert,,34
2023,8,Importert,,64
2023,8,Melvare,,0
2023,8,Pellet liten land,,0
2023,8,Pellet liten land,,231
2023,8,Pellet liten land,,491.5
2023,8,Pellet liten sjø,,0
2023,8,Pellet liten sjø,,487.5
2023,8,Pellet liten sjø,,12208.999999999998
2023,8,Pellet liten sjø,,14153.5
2023,8,Pellet liten sjø,,21464.440000000002
2023,8,Pellet liten sjø,,32324
2023,8,Pellet stor land,,0
2023,8,Pellet stor sjø,,0
2023,8,Pellet stor sjø,,2331
2023,8,Pellet stor sjø,,17259
2023,8,Pellet stor sjø,,42209
2023,8,Pellet stor sjø,,54457.6
2023,8,Pellet stor sjø,,62425.9
2023,8,Settefisk,,0
2023,8,Settefisk,,244.5
2023,8,Settefisk,,252.5
2023,8,Settefisk,,1857.92
2023,8,Settefisk,,3090
2023,8,Total,,244.5
2023,8,Total,,2823
2023,8,Total,,49814
2023,8,Total,,58603
2023,8,Total,,69407.5
2023,8,Total,,85757.46
2023,9,Annet,,0
2023,9,Annet,,20.5
2023,9,Annet,,22.32
2023,9,Annet,,1269
2023,9,Importert,,0
2023,9,Importert,,23.22
2023,9,Importert,,127
2023,9,Melvare,,0
2023,9,Pellet liten land,,0
2023,9,Pellet liten land,,35
2023,9,Pellet liten land,,522.5
2023,9,Pellet liten sjø,,0
2023,9,Pellet liten sjø,,289.4
2023,9,Pellet liten sjø,,8880
2023,9,Pellet liten sjø,,13106.789999999999
2023,9,Pellet liten sjø,,19464.120000000003
2023,9,Pellet liten sjø,,27433
2023,9,Pellet stor land,,0
2023,9,Pellet stor sjø,,0
2023,9,Pellet stor sjø,,1603
2023,9,Pellet stor sjø,,15898
2023,9,Pellet stor sjø,,37313
2023,9,Pellet stor sjø,,52707.69
2023,9,Pellet stor sjø,,62140.890000000007
2023,9,Settefisk,,0
2023,9,Settefisk,,211
2023,9,Settefisk,,240.9
2023,9,Settefisk,,2072.22
2023,9,Settefisk,,3051
2023,9,Total,,240.9
2023,9,Total,,1892.4
2023,9,Total,,43366
2023,9,Total,,50513.000000000007
2023,9,Total,,66570.299999999988
2023,9,Total,,83697.73
2023,10,Annet,,0
2023,10,Annet,,6
2023,10,Annet,,19.6
2023,10,Annet,,27.9
2023,10,Annet,,1326
2023,10,Importert,,0
2023,10,Importert,,67
2023,10,Importert,,84.8
2023,10,Melvare,,0
2023,10,Pellet liten land,,0
2023,10,Pellet liten land,,221
2023,10,Pellet liten land,,543
2023,10,Pellet liten sjø,,0
2023,10,Pellet liten sjø,,214
2023,10,Pellet liten sjø,,8085.6
2023,10,Pellet liten sjø,,10945
2023,10,Pellet liten sjø,,18306.95
2023,10,Pellet liten sjø,,23707
2023,10,Pellet stor land,,0
2023,10,Pellet stor sjø,,0
2023,10,Pellet stor sjø,,2433
2023,10,Pellet stor sjø,,15862
2023,10,Pellet stor sjø,,40790.9
2023,10,Pellet stor sjø,,45006
2023,10,Pellet stor sjø,,61030.75
2023,10,Settefisk,,0
2023,10,Settefisk,,165
2023,10,Settefisk,,176.2
2023,10,Settefisk,,1833.25
2023,10,Settefisk,,3163
2023,10,Total,,165
2023,10,Total,,2653
2023,10,Total,,39790
2023,10,Total,,49623.600000000006
2023,10,Total,,60440
2023,10,Total,,81190.55
2023,11,Annet,,0
2023,11,Annet,,19.8
2023,11,Annet,,64.83
2023,11,Annet,,1696.2
2023,11,Importert,,0
2023,11,Importert,,46.59
2023,11,Importert,,79.38
2023,11,Melvare,,0
2023,11,Pellet liten land,,0
2023,11,Pellet liten land,,58
2023,11,Pellet liten land,,412.5
2023,11,Pellet liten sjø,,0
2023,11,Pellet liten sjø,,315.7
2023,11,Pellet liten sjø,,7394.87
2023,11,Pellet liten sjø,,8360.4
2023,11,Pellet liten sjø,,14314.48
2023,11,Pellet liten sjø,,21547
2023,11,Pellet stor land,,0
2023,11,Pellet stor land,,30629.65
2023,11,Pellet stor sjø,,0
2023,11,Pellet stor sjø,,2426.3
2023,11,Pellet stor sjø,,12435.000000000002
2023,11,Pellet stor sjø,,34213.07
2023,11,Pellet stor sjø,,45070.87
2023,11,Settefisk,,0
2023,11,Settefisk,,73.25
2023,11,Settefisk,,125
2023,11,Settefisk,,1365.2
2023,11,Settefisk,,2186.07
2023,11,Total,,125
2023,11,Total,,2742
2023,11,Total,,34040
2023,11,Total,,38575.1
2023,11,Total,,46455.74
2023,11,Total,,60770.35
2023,12,Annet,,0
2023,12,Annet,,16
2023,12,Annet,,39.51
2023,12,Annet,,1767.27
2023,12,Importert,,0
2023,12,Importert,,54.84
2023,12,Importert,,56.91
2023,12,Melvare,,0
2023,12,Pellet liten land,,0
2023,12,Pellet liten land,,139
2023,12,Pellet liten sjø,,0
2023,12,Pellet liten sjø,,380.7
2023,12,Pellet liten sjø,,5307.7
2023,12,Pellet liten sjø,,6348.8600000000006
2023,12,Pellet liten sjø,,10436.34
2023,12,Pellet liten sjø,,15528
2023,12,Pellet stor land,,0
2023,12,Pellet stor land,,23097.100000000002
2023,12,Pellet stor sjø,,0
2023,12,Pellet stor sjø,,176
2023,12,Pellet stor sjø,,1708.9
2023,12,Pellet stor sjø,,11876.999999999998
2023,12,Pellet stor sjø,,23093.35
2023,12,Pellet stor sjø,,31681.45
2023,12,Settefisk,,0
2023,12,Settefisk,,37.5
2023,12,Settefisk,,103.4
2023,12,Settefisk,,1139.64
2023,12,Settefisk,,1588.29
2023,12,Total,,37.5
2023,12,Total,,2089.6
2023,12,Total,,27544
2023,12,Total,,28723.71
2023,12,Total,,32797.770000000004
2023,12,Total,,43273.43
2024,1,Annet,,0
2024,1,Annet,,35
2024,1,Annet,,1418.71
2024,1,Importert,,0
2024,1,Importert,,44.66
2024,1,Importert,,50
2024,1,Melvare,,0
2024,1,Pellet liten land,,0
2024,1,Pellet liten land,,276
2024,1,Pellet liten land,,313
2024,1,Pellet liten sjø,,0
2024,1,Pellet liten sjø,,230.9
2024,1,Pellet liten sjø,,4423
2024,1,Pellet liten sjø,,6899.61
2024,1,Pellet liten sjø,,8872.26
2024,1,Pellet liten sjø,,11790
2024,1,Pellet stor land,,0
2024,1,Pellet stor sjø,,0
2024,1,Pellet stor sjø,,1298.4
2024,1,Pellet stor sjø,,11125
2024,1,Pellet stor sjø,,17216
2024,1,Pellet stor sjø,,19907.18
2024,1,Pellet stor sjø,,28980.65
2024,1,Settefisk,,0
2024,1,Settefisk,,88
2024,1,Settefisk,,115
2024,1,Settefisk,,988.92
2024,1,Settefisk,,2358.11
2024,1,Total,,88
2024,1,Total,,1529.3
2024,1,Total,,22065
2024,1,Total,,23228
2024,1,Total,,30583.609999999997
2024,1,Total,,38841.83
2024,2,Annet,,0
2024,2,Annet,,2
2024,2,Annet,,38.9
2024,2,Annet,,70
2024,2,Annet,,1181
2024,2,Importert,,0
2024,2,Importert,,49
2024,2,Melvare,,0
2024,2,Pellet liten land,,0
2024,2,Pellet liten land,,79
2024,2,Pellet liten land,,191
2024,2,Pellet liten sjø,,0
2024,2,Pellet liten sjø,,346.5
2024,2,Pellet liten sjø,,4340
2024,2,Pellet liten sjø,,4918
2024,2,Pellet liten sjø,,7938.3399999999992
2024,2,Pellet liten sjø,,8773
2024,2,Pellet stor land,,0
2024,2,Pellet stor sjø,,0
2024,2,Pellet stor sjø,,1266.9
2024,2,Pellet stor sjø,,9103
2024,2,Pellet stor sjø,,15250
2024,2,Pellet stor sjø,,17527
2024,2,Pellet stor sjø,,26205.219999999998
2024,2,Settefisk,,0
2024,2,Settefisk,,119
2024,2,Settefisk,,202.5
2024,2,Settefisk,,1281.9
2024,2,Settefisk,,2541
2024,2,Total,,202.5
2024,2,Total,,1615.4
2024,2,Total,,18067
2024,2,Total,,19858
2024,2,Total,,26167
2024,2,Total,,35464.36
2024,3,Annet,,0
2024,3,Annet,,0.5
2024,3,Annet,,14.3
2024,3,Annet,,41
2024,3,Annet,,1816.22
2024,3,Importert,,0
2024,3,Importert,,23.35
2024,3,Melvare,,0
2024,3,Pellet liten land,,0
2024,3,Pellet liten land,,200
2024,3,Pellet liten land,,211
2024,3,Pellet liten sjø,,0
2024,3,Pellet liten sjø,,301.5
2024,3,Pellet liten sjø,,4966
2024,3,Pellet liten sjø,,5438.84
2024,3,Pellet liten sjø,,8341.41
2024,3,Pellet liten sjø,,9656
2024,3,Pellet stor land,,0
2024,3,Pellet stor sjø,,0
2024,3,Pellet stor sjø,,1891.5
2024,3,Pellet stor sjø,,11178
2024,3,Pellet stor sjø,,16539
2024,3,Pellet stor sjø,,19110.309999999998
2024,3,Pellet stor sjø,,23796.78
2024,3,Settefisk,,0
2024,3,Settefisk,,71
2024,3,Settefisk,,135
2024,3,Settefisk,,1091.74
2024,3,Settefisk,,2499.5
2024,3,Total,,71
2024,3,Total,,2193.5
2024,3,Total,,21034
2024,3,Total,,21892
2024,3,Total,,28864.870000000003
2024,3,Total,,33244.23
2024,4,Annet,,0
2024,4,Annet,,25.6
2024,4,Annet,,40
2024,4,Annet,,55
2024,4,Annet,,2068.2
2024,4,Importert,,0
2024,4,Importert,,40.14
2024,4,Melvare,,0
2024,4,Pellet liten land,,0
2024,4,Pellet liten land,,106
2024,4,Pellet liten land,,194
2024,4,Pellet liten sjø,,0
2024,4,Pellet liten sjø,,293.5
2024,4,Pellet liten sjø,,5890
2024,4,Pellet liten sjø,,6239.9800000000005
2024,4,Pellet liten sjø,,10489.06
2024,4,Pellet liten sjø,,11920.999999999998
2024,4,Pellet stor land,,0
2024,4,Pellet stor sjø,,0
2024,4,Pellet stor sjø,,2105.5
2024,4,Pellet stor sjø,,10912
2024,4,Pellet stor sjø,,17248
2024,4,Pellet stor sjø,,21272.88
2024,4,Pellet stor sjø,,30984.25
2024,4,Settefisk,,0
2024,4,Settefisk,,241
2024,4,Settefisk,,299
2024,4,Settefisk,,1920.7
2024,4,Settefisk,,2715.33
2024,4,Total,,299
2024,4,Total,,2439
2024,4,Total,,23027
2024,4,Total,,23540
2024,4,Total,,32296.390000000003
2024,4,Total,,43419.61
2024,5,Annet,,0
2024,5,Annet,,0.7
2024,5,Annet,,18
2024,5,Annet,,18.2
2024,5,Annet,,2294.19
2024,5,Importert,,0
2024,5,Importert,,8.93
2024,5,Importert,,18
2024,5,Melvare,,0
2024,5,Pellet liten land,,0
2024,5,Pellet liten land,,39
2024,5,Pellet liten sjø,,0
2024,5,Pellet liten sjø,,552
2024,5,Pellet liten sjø,,7508
2024,5,Pellet liten sjø,,8935.630000000001
2024,5,Pellet liten sjø,,12354.56
2024,5,Pellet liten sjø,,17352
2024,5,Pellet stor land,,0
2024,5,Pellet stor sjø,,0
2024,5,Pellet stor sjø,,2401.4
2024,5,Pellet stor sjø,,14590
2024,5,Pellet stor sjø,,22720
2024,5,Pellet stor sjø,,25360.97
2024,5,Pellet stor sjø,,42023.48
2024,5,Settefisk,,0
2024,5,Settefisk,,182
2024,5,Settefisk,,313
2024,5,Settefisk,,1681.18
2024,5,Settefisk,,2314.48
2024,5,Total,,182
2024,5,Total,,2954.1
2024,5,Total,,30598.000000000004
2024,5,Total,,31942.000000000004
2024,5,Total,,38905.27
2024,5,Total,,56077.42
2024,6,Annet,,0
2024,6,Annet,,11.4
2024,6,Annet,,18
2024,6,Annet,,1953.53
2024,6,Importert,,0
2024,6,Importert,,12
2024,6,Importert,,31.31
2024,6,Melvare,,0
2024,6,Pellet liten land,,0
2024,6,Pellet liten land,,621
2024,6,Pellet liten sjø,,0
2024,6,Pellet liten sjø,,757.9
2024,6,Pellet liten sjø,,6795
2024,6,Pellet liten sjø,,10201.99
2024,6,Pellet liten sjø,,14939.429999999998
2024,6,Pellet liten sjø,,17897
2024,6,Pellet stor land,,0
2024,6,Pellet stor sjø,,0
2024,6,Pellet stor sjø,,2303
2024,6,Pellet stor sjø,,17442
2024,6,Pellet stor sjø,,27422.4
2024,6,Pellet stor sjø,,32007
2024,6,Pellet stor sjø,,45828.92
2024,6,Settefisk,,0
2024,6,Settefisk,,282
2024,6,Settefisk,,2007.85
2024,6,Settefisk,,2398.51
2024,6,Settefisk,,2575
2024,6,Total,,2575
2024,6,Total,,3060.9
2024,6,Total,,35339
2024,6,Total,,39723
2024,6,Total,,41976.43
2024,6,Total,,62787.6
2024,7,Annet,,0
2024,7,Annet,,7.2
2024,7,Annet,,56
2024,7,Annet,,2529.08
2024,7,Importert,,0
2024,7,Importert,,4.76
2024,7,Importert,,81
2024,7,Melvare,,0
2024,7,Pellet liten land,,0
2024,7,Pellet liten land,,96
2024,7,Pellet liten land,,105
2024,7,Pellet liten sjø,,0
2024,7,Pellet liten sjø,,724.4
2024,7,Pellet liten sjø,,9870
2024,7,Pellet liten sjø,,18555.370000000003
2024,7,Pellet liten sjø,,23247
2024,7,Pellet liten sjø,,23435.23
2024,7,Pellet stor land,,0
2024,7,Pellet stor sjø,,0
2024,7,Pellet stor sjø,,3248.6
2024,7,Pellet stor sjø,,21049
2024,7,Pellet stor sjø,,40597.4
2024,7,Pellet stor sjø,,44532
2024,7,Pellet stor sjø,,66350.02
2024,7,Settefisk,,0
2024,7,Settefisk,,442.5
2024,7,Settefisk,,453.45
2024,7,Settefisk,,550
2024,7,Settefisk,,2485.48
2024,7,Settefisk,,3398.14
2024,7,Total,,442.5
2024,7,Total,,4426.45
2024,7,Total,,44392
2024,7,Total,,55113.000000000007
2024,7,Total,,65079.990000000005
2024,7,Total,,92277.930000000008
2024,8,Annet,,0
2024,8,Annet,,6.46
2024,8,Annet,,39
2024,8,Annet,,1832.86
2024,8,Importert,,0
2024,8,Importert,,48
2024,8,Importert,,56.87
2024,8,Melvare,,0
2024,8,Pellet liten land,,0
2024,8,Pellet liten land,,53
2024,8,Pellet liten land,,486
2024,8,Pellet liten sjø,,0
2024,8,Pellet liten sjø,,363.4
2024,8,Pellet liten sjø,,11752
2024,8,Pellet liten sjø,,18762.11
2024,8,Pellet liten sjø,,20854.4
2024,8,Pellet liten sjø,,22809
2024,8,Pellet stor land,,0
2024,8,Pellet stor sjø,,0
2024,8,Pellet stor sjø,,3251.9
2024,8,Pellet stor sjø,,20020
2024,8,Pellet stor sjø,,40159
2024,8,Pellet stor sjø,,43368.97
2024,8,Pellet stor sjø,,63153.06
2024,8,Settefisk,,0
2024,8,Settefisk,,154
2024,8,Settefisk,,159
2024,8,Settefisk,,295
2024,8,Settefisk,,1973.5
2024,8,Settefisk,,3114.86
2024,8,Total,,159
2024,8,Total,,3769.3
2024,8,Total,,42882
2024,8,Total,,52731
2024,8,Total,,67078.8
2024,8,Total,,85987.42
2024,9,Annet,,0
2024,9,Annet,,1
2024,9,Annet,,56
2024,9,Annet,,1671.48
2024,9,Importert,,0
2024,9,Importert,,45
2024,9,Importert,,114.93
2024,9,Melvare,,0
2024,9,Pellet liten land,,0
2024,9,Pellet liten land,,308
2024,9,Pellet liten land,,374
2024,9,Pellet liten sjø,,0
2024,9,Pellet liten sjø,,242.9
2024,9,Pellet liten sjø,,10574
2024,9,Pellet liten sjø,,15300.56
2024,9,Pellet liten sjø,,22693.14
2024,9,Pellet liten sjø,,24513.999999999996
2024,9,Pellet stor land,,0
2024,9,Pellet stor sjø,,0
2024,9,Pellet stor sjø,,3451
2024,9,Pellet stor sjø,,17446
2024,9,Pellet stor sjø,,44253.689999999995
2024,9,Pellet stor sjø,,46267
2024,9,Pellet stor sjø,,67779.74
2024,9,Settefisk,,0
2024,9,Settefisk,,61
2024,9,Settefisk,,92.5
2024,9,Settefisk,,258
2024,9,Settefisk,,1976.32
2024,9,Settefisk,,3267.88
2024,9,Total,,92.5
2024,9,Total,,3754.9
2024,9,Total,,42334
2024,9,Total,,57462.999999999993
2024,9,Total,,64493.61
2024,9,Total,,92450.2
2024,10,Annet,,0
2024,10,Annet,,4.18
2024,10,Annet,,52
2024,10,Annet,,1917.37
2024,10,Importert,,0
2024,10,Importert,,116
2024,10,Importert,,226.65
2024,10,Melvare,,0
2024,10,Pellet liten land,,0
2024,10,Pellet liten land,,433
2024,10,Pellet liten land,,659
2024,10,Pellet liten sjø,,0
2024,10,Pellet liten sjø,,309
2024,10,Pellet liten sjø,,9193
2024,10,Pellet liten sjø,,12014.9
2024,10,Pellet liten sjø,,24590.000000000004
2024,10,Pellet stor land,,0
2024,10,Pellet stor land,,59482.07
2024,10,Pellet stor sjø,,0
2024,10,Pellet stor sjø,,3311.5
2024,10,Pellet stor sjø,,13110
2024,10,Pellet stor sjø,,20221.96
2024,10,Pellet stor sjø,,38614
2024,10,Pellet stor sjø,,47095.19
2024,10,Settefisk,,0
2024,10,Settefisk,,290
2024,10,Settefisk,,302
2024,10,Settefisk,,313
2024,10,Settefisk,,1902.84
2024,10,Settefisk,,2939.74
2024,10,Total,,313
2024,10,Total,,3910.5
2024,10,Total,,38133
2024,10,Total,,48819.999999999993
2024,10,Total,,63967.200000000004
2024,10,Total,,81611.05
2024,11,Annet,,0
2024,11,Annet,,2.4
2024,11,Annet,,56
2024,11,Annet,,1743.89
2024,11,Importert,,0
2024,11,Importert,,15.76
2024,11,Importert,,68
2024,11,Melvare,,0
2024,11,Pellet liten land,,0
2024,11,Pellet liten land,,216
2024,11,Pellet liten land,,563
2024,11,Pellet liten sjø,,0
2024,11,Pellet liten sjø,,312
2024,11,Pellet liten sjø,,7621
2024,11,Pellet liten sjø,,8366.54
2024,11,Pellet liten sjø,,17641.62
2024,11,Pellet liten sjø,,20056
2024,11,Pellet stor land,,0
2024,11,Pellet stor sjø,,0
2024,11,Pellet stor sjø,,2902
2024,11,Pellet stor sjø,,11747
2024,11,Pellet stor sjø,,36132
2024,11,Pellet stor sjø,,37099.78
2024,11,Pellet stor sjø,,55623.9
2024,11,Settefisk,,0
2024,11,Settefisk,,96
2024,11,Settefisk,,97
2024,11,Settefisk,,143
2024,11,Settefisk,,1372.88
2024,11,Settefisk,,2171.11
2024,11,Total,,97
2024,11,Total,,3310
2024,11,Total,,32019
2024,11,Total,,44515
2024,11,Total,,49381.32
2024,11,Total,,74640.799999999988
2024,12,Annet,,0
2024,12,Annet,,8.8
2024,12,Annet,,45
2024,12,Annet,,2105.68
2024,12,Importert,,0
2024,12,Importert,,61.47
2024,12,Importert,,161
2024,12,Melvare,,0
2024,12,Pellet liten land,,0
2024,12,Pellet liten land,,73
2024,12,Pellet liten land,,333
2024,12,Pellet liten sjø,,0
2024,12,Pellet liten sjø,,378.5
2024,12,Pellet liten sjø,,6823
2024,12,Pellet liten sjø,,7258.25
2024,12,Pellet liten sjø,,13512.54
2024,12,Pellet liten sjø,,14131.000000000002
2024,12,Pellet stor land,,0
2024,12,Pellet stor sjø,,0
2024,12,Pellet stor sjø,,2829.5
2024,12,Pellet stor sjø,,15082
2024,12,Pellet stor sjø,,26590.000000000004
2024,12,Pellet stor sjø,,33629.020000000004
2024,12,Pellet stor sjø,,47031.920000000006
2024,12,Settefisk,,0
2024,12,Settefisk,,36.5
2024,12,Settefisk,,79.5
2024,12,Settefisk,,126
2024,12,Settefisk,,1558.94
2024,12,Settefisk,,2515.19
2024,12,Total,,79.5
2024,12,Total,,3244.5
2024,12,Total,,29286.000000000004
2024,12,Total,,33917
2024,12,Total,,45508.14
2024,12,Total,,62112.2
2025,1,Annet,,0
2025,1,Annet,,51.2
2025,1,Annet,,1887.02
2025,1,Importert,,0
2025,1,Importert,,33.32
2025,1,Importert,,124.3
2025,1,Melvare,,0
2025,1,Pellet liten land,,0
2025,1,Pellet liten land,,115
2025,1,Pellet liten land,,403
2025,1,Pellet liten sjø,,0
2025,1,Pellet liten sjø,,176
2025,1,Pellet liten sjø,,5099.401
2025,1,Pellet liten sjø,,7403.39
2025,1,Pellet liten sjø,,10228.31
2025,1,Pellet liten sjø,,12484
2025,1,Pellet stor land,,0
2025,1,Pellet stor land,,9
2025,1,Pellet stor sjø,,0
2025,1,Pellet stor sjø,,1346
2025,1,Pellet stor sjø,,15418
2025,1,Pellet stor sjø,,22266.091
2025,1,Pellet stor sjø,,28481.48
2025,1,Pellet stor sjø,,42439.09
2025,1,Settefisk,,0
2025,1,Settefisk,,39
2025,1,Settefisk,,51
2025,1,Settefisk,,124.7
2025,1,Settefisk,,1484.3
2025,1,Settefisk,,3143.64
2025,1,Total,,39
2025,1,Total,,1573
2025,1,Total,,27944.390000000003
2025,1,Total,,28017
2025,1,Total,,40915.53
2025,1,Total,,54160.7
2025,2,Annet,,0
2025,2,Annet,,6.4
2025,2,Annet,,35.07
2025,2,Annet,,1467.21
2025,2,Importert,,0
2025,2,Importert,,31.45
2025,2,Importert,,142.145
2025,2,Melvare,,0
2025,2,Pellet liten land,,0
2025,2,Pellet liten land,,36
2025,2,Pellet liten land,,521
2025,2,Pellet liten sjø,,0
2025,2,Pellet liten sjø,,59
2025,2,Pellet liten sjø,,3932.476
2025,2,Pellet liten sjø,,5169
2025,2,Pellet liten sjø,,7829.9900000000007
2025,2,Pellet liten sjø,,10376
2025,2,Pellet stor land,,0
2025,2,Pellet stor sjø,,0
2025,2,Pellet stor sjø,,1310
2025,2,Pellet stor sjø,,11433
2025,2,Pellet stor sjø,,19131.908
2025,2,Pellet stor sjø,,27376.039999999997
2025,2,Pellet stor sjø,,36916.43
2025,2,Settefisk,,0
2025,2,Settefisk,,129.075
2025,2,Settefisk,,280
2025,2,Settefisk,,297
2025,2,Settefisk,,1342.84
2025,2,Settefisk,,2536.8
2025,2,Total,,280
2025,2,Total,,1666
2025,2,Total,,21845
2025,2,Total,,23749.53
2025,2,Total,,36549.049999999996
2025,2,Total,,46095.659999999996
2025,3,Annet,,0
2025,3,Annet,,3.2
2025,3,Annet,,35.43
2025,3,Annet,,1552.034
2025,3,Importert,,0
2025,3,Importert,,53.679
2025,3,Importert,,139.255
2025,3,Melvare,,0
2025,3,Pellet liten land,,0
2025,3,Pellet liten land,,134
2025,3,Pellet liten land,,385.5
2025,3,Pellet liten sjø,,0
2025,3,Pellet liten sjø,,160.5
2025,3,Pellet liten sjø,,4419.286
2025,3,Pellet liten sjø,,4916.531
2025,3,Pellet liten sjø,,9893.66
2025,3,Pellet liten sjø,,12860
2025,3,Pellet stor land,,0
2025,3,Pellet stor sjø,,0
2025,3,Pellet stor sjø,,1944.5
2025,3,Pellet stor sjø,,11393
2025,3,Pellet stor sjø,,21745.706000000002
2025,3,Pellet stor sjø,,26499.236999999997
2025,3,Pellet stor sjø,,41881.08
2025,3,Settefisk,,0
2025,3,Settefisk,,152.775
2025,3,Settefisk,,251.5
2025,3,Settefisk,,253.5
2025,3,Settefisk,,1492.42
2025,3,Settefisk,,2637.88
2025,3,Total,,251.5
2025,3,Total,,2358.5
2025,3,Total,,24387
2025,3,Total,,27235.94
2025,3,Total,,35108.44
2025,3,Total,,53270.359999999993
2025,4,Annet,,0
2025,4,Annet,,2.4
2025,4,Annet,,41.105
2025,4,Annet,,1270.773
2025,4,Importert,,0
2025,4,Importert,,13.849
2025,4,Importert,,186.655
2025,4,Melvare,,0
2025,4,Pellet liten land,,0
2025,4,Pellet liten land,,19
2025,4,Pellet liten land,,339
2025,4,Pellet liten sjø,,0
2025,4,Pellet liten sjø,,129
2025,4,Pellet liten sjø,,6026.9479999999994
2025,4,Pellet liten sjø,,6071.564
2025,4,Pellet liten sjø,,9975.282
2025,4,Pellet liten sjø,,13396
2025,4,Pellet stor land,,0
2025,4,Pellet stor sjø,,0
2025,4,Pellet stor sjø,,1805.5
2025,4,Pellet stor sjø,,12200.999999999998
2025,4,Pellet stor sjø,,22533.763
2025,4,Pellet stor sjø,,30228.786999999997
2025,4,Pellet stor sjø,,43644.749
2025,4,Settefisk,,93.5
2025,4,Settefisk,,103.5
2025,4,Settefisk,,1680.56
2025,4,Settefisk,,3327.9950000000003
2025,4,Total,,103.5
2025,4,Total,,2038
2025,4,Total,,25616
2025,4,Total,,29078.93
2025,4,Total,,40854.5
2025,4,Total,,55302.99
2025,5,Annet,,0
2025,5,Annet,,3.2
2025,5,Annet,,42.27
2025,5,Annet,,1371.245
2025,5,Importert,,0
2025,5,Importert,,28.984
2025,5,Importert,,177.36
2025,5,Melvare,,0
2025,5,Pellet liten land,,0
2025,5,Pellet liten land,,480
2025,5,Pellet liten sjø,,0
2025,5,Pellet liten sjø,,160.5
2025,5,Pellet liten sjø,,4517.3740000000007
2025,5,Pellet liten sjø,,10156.905999999999
2025,5,Pellet liten sjø,,11793.65
2025,5,Pellet liten sjø,,13351.000000000002
2025,5,Pellet stor land,,0
2025,5,Pellet stor sjø,,0
2025,5,Pellet stor sjø,,1101
2025,5,Pellet stor sjø,,10503
2025,5,Pellet stor sjø,,28434.641
2025,5,Pellet stor sjø,,30608.804999999997
2025,5,Pellet stor sjø,,46658.531
2025,5,Settefisk,,0
2025,5,Settefisk,,123.5
2025,5,Settefisk,,173.5
2025,5,Settefisk,,302
2025,5,Settefisk,,1481.73
2025,5,Settefisk,,2225.262
2025,5,Total,,123.5
2025,5,Total,,1435
2025,5,Total,,23854.000000000004
2025,5,Total,,33776.29
2025,5,Total,,44362.22
2025,5,Total,,59937.11
2025,6,Annet,,0
2025,6,Annet,,0.8
2025,6,Annet,,21.92
2025,6,Annet,,1598.1049999999998
2025,6,Importert,,0
2025,6,Importert,,127.705
2025,6,Importert,,135.623
2025,6,Melvare,,0
2025,6,Pellet liten land,,0
2025,6,Pellet liten land,,11
2025,6,Pellet liten land,,679.5
2025,6,Pellet liten sjø,,0
2025,6,Pellet liten sjø,,199
2025,6,Pellet liten sjø,,5073.736
2025,6,Pellet liten sjø,,11359.726
2025,6,Pellet liten sjø,,14808.065999999999
2025,6,Pellet liten sjø,,16912
2025,6,Pellet stor land,,0
2025,6,Pellet stor sjø,,0
2025,6,Pellet stor sjø,,846.4
2025,6,Pellet stor sjø,,15584
2025,6,Pellet stor sjø,,32280.207
2025,6,Pellet stor sjø,,37543.9
2025,6,Pellet stor sjø,,61496.769
2025,6,Settefisk,,121.5
2025,6,Settefisk,,477.85
2025,6,Settefisk,,1903.68
2025,6,Settefisk,,2431.9
2025,6,Total,,121.5
2025,6,Total,,1166.9
2025,6,Total,,32507
2025,6,Total,,38533.21
2025,6,Total,,52933.630000000005
2025,6,Total,,78209.32
2025,7,Annet,,0
2025,7,Annet,,0.8
2025,7,Annet,,9.1
2025,7,Annet,,1816.6529999999998
2025,7,Importert,,0
2025,7,Importert,,48.85
2025,7,Importert,,51.097
2025,7,Melvare,,0
2025,7,Pellet liten land,,0
2025,7,Pellet liten land,,71
2025,7,Pellet liten land,,719.5
2025,7,Pellet liten sjø,,0
2025,7,Pellet liten sjø,,396.5
2025,7,Pellet liten sjø,,8522.933
2025,7,Pellet liten sjø,,12919.58
2025,7,Pellet liten sjø,,20839.05
2025,7,Pellet liten sjø,,23805
2025,7,Pellet stor land,,0
2025,7,Pellet stor sjø,,0
2025,7,Pellet stor sjø,,1735
2025,7,Pellet stor sjø,,15516.999999999998
2025,7,Pellet stor sjø,,44679.412000000004
2025,7,Pellet stor sjø,,44776.365000000005
2025,7,Pellet stor sjø,,68395.77
2025,7,Settefisk,,250.9
2025,7,Settefisk,,463.75
2025,7,Settefisk,,502
2025,7,Settefisk,,2367.44
2025,7,Settefisk,,2631.9230000000002
2025,7,Total,,250.9
2025,7,Total,,2633.5
2025,7,Total,,39393
2025,7,Total,,54491.649999999994
2025,7,Total,,62047.570000000007
2025,7,Total,,91603.06
2025,8,Annet,,0
2025,8,Annet,,0.8
2025,8,Annet,,17.02
2025,8,Annet,,1849.626
2025,8,Importert,,0
2025,8,Importert,,9.468
2025,8,Importert,,127.85
2025,8,Melvare,,0
2025,8,Pellet liten land,,0
2025,8,Pellet liten land,,90
2025,8,Pellet liten land,,1160.25
2025,8,Pellet liten sjø,,0
2025,8,Pellet liten sjø,,20
2025,8,Pellet liten sjø,,9477.769
2025,8,Pellet liten sjø,,13732.492
2025,8,Pellet liten sjø,,21759.374
2025,8,Pellet liten sjø,,23041
2025,8,Pellet stor land,,0
2025,8,Pellet stor sjø,,0
2025,8,Pellet stor sjø,,2142.5
2025,8,Pellet stor sjø,,18216
2025,8,Pellet stor sjø,,38983.668000000005
2025,8,Pellet stor sjø,,39949.189
2025,8,Pellet stor sjø,,65647.832
2025,8,Settefisk,,143.5
2025,8,Settefisk,,209
2025,8,Settefisk,,361.2
2025,8,Settefisk,,1834.96
2025,8,Settefisk,,2696.845
2025,8,Total,,143.5
2025,8,Total,,2371.5
2025,8,Total,,41347
2025,8,Total,,49999.909999999996
2025,8,Total,,58228.15
2025,8,Total,,89242.97
2025,9,Annet,,0
2025,9,Annet,,1
2025,9,Annet,,24.81
2025,9,Annet,,1971.154
2025,9,Importert,,0
2025,9,Importert,,44.961
2025,9,Importert,,81.85
2025,9,Melvare,,0
2025,9,Pellet liten land,,0
2025,9,Pellet liten land,,49
2025,9,Pellet liten land,,1043
2025,9,Pellet liten sjø,,0
2025,9,Pellet liten sjø,,125
2025,9,Pellet liten sjø,,9569.862000000001
2025,9,Pellet liten sjø,,15772.389000000001
2025,9,Pellet liten sjø,,20002
2025,9,Pellet liten sjø,,22310.458000000002
2025,9,Pellet stor land,,0
2025,9,Pellet stor sjø,,0
2025,9,Pellet stor sjø,,2535
2025,9,Pellet stor sjø,,17594
2025,9,Pellet stor sjø,,39837.057
2025,9,Pellet stor sjø,,40783.653
2025,9,Pellet stor sjø,,74651.423
2025,9,Settefisk,,168
2025,9,Settefisk,,179
2025,9,Settefisk,,258.85
2025,9,Settefisk,,1932.9
2025,9,Settefisk,,3031.4049999999997
2025,9,Total,,168
2025,9,Total,,2839
2025,9,Total,,37645
2025,9,Total,,51680.18
2025,9,Total,,60612.01
2025,9,Total,,98895.780000000013
2025,10,Annet,,0
2025,10,Annet,,4.2
2025,10,Annet,,19.225
2025,10,Annet,,1552.672
2025,10,Importert,,0
2025,10,Importert,,34.992
2025,10,Importert,,122.725
2025,10,Melvare,,0
2025,10,Pellet liten land,,0
2025,10,Pellet liten land,,165
2025,10,Pellet liten land,,948.5
2025,10,Pellet liten sjø,,0
2025,10,Pellet liten sjø,,110.5
2025,10,Pellet liten sjø,,9310.653
2025,10,Pellet liten sjø,,13677.699
2025,10,Pellet liten sjø,,16769.925
2025,10,Pellet liten sjø,,23306
2025,10,Pellet stor land,,0
2025,10,Pellet stor sjø,,0
2025,10,Pellet stor sjø,,2220.5
2025,10,Pellet stor sjø,,15340
2025,10,Pellet stor sjø,,39849.46
2025,10,Pellet stor sjø,,42905.881
2025,10,Pellet stor sjø,,74663.362
2025,10,Settefisk,,176.5
2025,10,Settefisk,,228
2025,10,Settefisk,,1740.48
2025,10,Settefisk,,2601.1
2025,10,Total,,228
2025,10,Total,,2559
2025,10,Total,,38811
2025,10,Total,,50304.340000000004
2025,10,Total,,60737.35
2025,10,Total,,93177.97
2025,11,Annet,,0
2025,11,Annet,,1
2025,11,Annet,,39.695
2025,11,Annet,,2047.934
2025,11,Importert,,0
2025,11,Importert,,37.28
2025,11,Importert,,133.195
2025,11,Melvare,,0
2025,11,Pellet liten land,,0
2025,11,Pellet liten land,,862.5
2025,11,Pellet liten sjø,,0
2025,11,Pellet liten sjø,,567
2025,11,Pellet liten sjø,,7285.136
2025,11,Pellet liten sjø,,10388.275
2025,11,Pellet liten sjø,,12238.006
2025,11,Pellet liten sjø,,22136
2025,11,Pellet stor land,,0
2025,11,Pellet stor sjø,,0
2025,11,Pellet stor sjø,,2323.5
2025,11,Pellet stor sjø,,17439
2025,11,Pellet stor sjø,,32819.204999999994
2025,11,Pellet stor sjø,,35962.939000000006
2025,11,Pellet stor sjø,,58913.158
2025,11,Settefisk,,124.5
2025,11,Settefisk,,159.5
2025,11,Settefisk,,1479.478
2025,11,Settefisk,,1934.22
2025,11,Total,,159.5
2025,11,Total,,3050
2025,11,Total,,39575
2025,11,Total,,44274.77
2025,11,Total,,47189.63
2025,11,Total,,72631.64
2025,12,Annet,,0
2025,12,Annet,,25.21
2025,12,Annet,,1965.4630000000002
2025,12,Importert,,0
2025,12,Importert,,77.165
2025,12,Importert,,158.685
2025,12,Melvare,,0
2025,12,Pellet liten land,,0
2025,12,Pellet liten land,,88
2025,12,Pellet liten land,,807.764
2025,12,Pellet liten sjø,,0
2025,12,Pellet liten sjø,,224
2025,12,Pellet liten sjø,,6069.2850000000008
2025,12,Pellet liten sjø,,11250.798
2025,12,Pellet liten sjø,,12281.175
2025,12,Pellet liten sjø,,17950
2025,12,Pellet stor land,,0
2025,12,Pellet stor sjø,,0
2025,12,Pellet stor sjø,,1466.5
2025,12,Pellet stor sjø,,15000.999999999998
2025,12,Pellet stor sjø,,29200.24
2025,12,Pellet stor sjø,,30564.925
2025,12,Pellet stor sjø,,54429.734
2025,12,Settefisk,,68
2025,12,Settefisk,,137.975
2025,12,Settefisk,,236.5
2025,12,Settefisk,,1620.634
2025,12,Settefisk,,2200.85
2025,12,Total,,68
2025,12,Total,,1927
2025,12,Total,,33039
2025,12,Total,,36240.47
2025,12,Total,,47012.409999999996
2025,12,Total,,67301.17
2026,1,Annet,,0
2026,1,Annet,,3.2
2026,1,Annet,,489.025
2026,1,Annet,,1133.671
2026,1,Importert,,0
2026,1,Importert,,19.034
2026,1,Importert,,102.45
2026,1,Melvare,,0
2026,1,Pellet liten land,,0
2026,1,Pellet liten land,,90
2026,1,Pellet liten land,,565.45
2026,1,Pellet liten sjø,,0
2026,1,Pellet liten sjø,,283.5
2026,1,Pellet liten sjø,,4622.269
2026,1,Pellet liten sjø,,9031.591
2026,1,Pellet liten sjø,,9055.255000000001
2026,1,Pellet liten sjø,,15590
2026,1,Pellet stor land,,0
2026,1,Pellet stor sjø,,0
2026,1,Pellet stor sjø,,1336.5
2026,1,Pellet stor sjø,,13635.000000000002
2026,1,Pellet stor sjø,,23716.891000000003
2026,1,Pellet stor sjø,,26970.305
2026,1,Pellet stor sjø,,46443.859
2026,1,Settefisk,,124
2026,1,Settefisk,,124.5
2026,1,Settefisk,,161.425
2026,1,Settefisk,,1286.54
2026,1,Settefisk,,3060.529
2026,1,Total,,124
2026,1,Total,,1744.5
2026,1,Total,,29315
2026,1,Total,,29555.06
2026,1,Total,,40196.1
2026,1,Total,,56788.85
2026,2,Annet,,0
2026,2,Annet,,3.2
2026,2,Annet,,621.005
2026,2,Annet,,1435.375
2026,2,Importert,,0
2026,2,Importert,,18.559
2026,2,Importert,,153.525
2026,2,Melvare,,0
2026,2,Pellet liten land,,0
2026,2,Pellet liten land,,56
2026,2,Pellet liten land,,452.2
2026,2,Pellet liten sjø,,0
2026,2,Pellet liten sjø,,81
2026,2,Pellet liten sjø,,4308.424
2026,2,Pellet liten sjø,,6395.519
2026,2,Pellet liten sjø,,6970.187
2026,2,Pellet liten sjø,,9787
2026,2,Pellet stor land,,0
2026,2,Pellet stor sjø,,0
2026,2,Pellet stor sjø,,859
2026,2,Pellet stor sjø,,9096
2026,2,Pellet stor sjø,,18924.468
2026,2,Pellet stor sjø,,21687.202
2026,2,Pellet stor sjø,,39815.581999999995
2026,2,Settefisk,,87.77
2026,2,Settefisk,,88
2026,2,Settefisk,,1278.76
2026,2,Settefisk,,3167.0249999999996
2026,2,Total,,88
2026,2,Total,,1028
2026,2,Total,,18939
2026,2,Total,,24393.87
2026,2,Total,,32685.12
2026,2,Total,,48067.73
2026,3,Annet,,0
2026,3,Annet,,0.8
2026,3,Annet,,536.06
2026,3,Annet,,1583.826
2026,3,Importert,,0
2026,3,Importert,,28.165
2026,3,Importert,,916.925
2026,3,Melvare,,0
2026,3,Pellet liten land,,0
2026,3,Pellet liten land,,252
2026,3,Pellet liten land,,798.25
2026,3,Pellet liten sjø,,0
2026,3,Pellet liten sjø,,194.5
2026,3,Pellet liten sjø,,3464.625
2026,3,Pellet liten sjø,,7705.782
2026,3,Pellet liten sjø,,9059.048
2026,3,Pellet liten sjø,,13575.000000000002
2026,3,Pellet stor land,,0
2026,3,Pellet stor sjø,,0
2026,3,Pellet stor sjø,,781
2026,3,Pellet stor sjø,,11320
2026,3,Pellet stor sjø,,18596.815
2026,3,Pellet stor sjø,,29041.286
2026,3,Pellet stor sjø,,48469.441999999995
2026,3,Settefisk,,197.15
2026,3,Settefisk,,249.5
2026,3,Settefisk,,293.5
2026,3,Settefisk,,1607.72
2026,3,Settefisk,,2717.9049999999997
2026,3,Total,,249.5
2026,3,Total,,1269
2026,3,Total,,23592.899999999998
2026,3,Total,,25147
2026,3,Total,,42402.07
2026,3,Total,,57783.74
2026,4,Annet,,0
2026,4,Annet,,1.6
2026,4,Annet,,683.523
2026,4,Annet,,1881.9790000000003
2026,4,Importert,,0
2026,4,Importert,,11.214
2026,4,Importert,,951.809
2026,4,Melvare,,0
2026,4,Pellet liten land,,0
2026,4,Pellet liten land,,71
2026,4,Pellet liten land,,738.5
2026,4,Pellet liten sjø,,0
2026,4,Pellet liten sjø,,326.4
2026,4,Pellet liten sjø,,4109.4710000000005
2026,4,Pellet liten sjø,,8084.380000000001
2026,4,Pellet liten sjø,,8891.608
2026,4,Pellet liten sjø,,17559
2026,4,Pellet stor land,,0
2026,4,Pellet stor sjø,,0
2026,4,Pellet stor sjø,,897.4
2026,4,Pellet stor sjø,,13788.999999999998
2026,4,Pellet stor sjø,,18373.451
2026,4,Pellet stor sjø,,25769.194
2026,4,Pellet stor sjø,,47725.986000000004
2026,4,Settefisk,,175
2026,4,Settefisk,,287.8
2026,4,Settefisk,,339.5
2026,4,Settefisk,,1355.5
2026,4,Settefisk,,2487.991
2026,4,Total,,175
2026,4,Total,,1563.3
2026,4,Total,,24192.75
2026,4,Total,,31419
2026,4,Total,,39030.77
2026,4,Total,,57167.469999999994
2026,5,Annet,,0
2026,5,Annet,,1.6
2026,5,Annet,,768.15
2026,5,Annet,,1679.236
2026,5,Importert,,0
2026,5,Importert,,11.304
2026,5,Importert,,1020.844
2026,5,Melvare,,0
2026,5,Pellet liten land,,0
2026,5,Pellet liten land,,45
2026,5,Pellet liten land,,419.5
2026,5,Pellet liten sjø,,0
2026,5,Pellet liten sjø,,353.4
2026,5,Pellet liten sjø,,4833.186
2026,5,Pellet liten sjø,,10061.678
2026,5,Pellet liten sjø,,11137.649
2026,5,Pellet liten sjø,,22490
2026,5,Pellet stor land,,0
2026,5,Pellet stor sjø,,0
2026,5,Pellet stor sjø,,1216.5
2026,5,Pellet stor sjø,,16078
2026,5,Pellet stor sjø,,24971.357999999997
2026,5,Pellet stor sjø,,35686.353
2026,5,Pellet stor sjø,,56846.635
2026,5,Settefisk,,122
2026,5,Settefisk,,233.5
2026,5,Settefisk,,309.79
2026,5,Settefisk,,1275.56
2026,5,Settefisk,,1717.52
2026,5,Total,,122
2026,5,Total,,1803.4
2026,5,Total,,31301.98
2026,5,Total,,38613
2026,5,Total,,49144.79
2026,5,Total,,69261.44
2026,6,Annet,,0
2026,6,Annet,,0.8
2026,6,Annet,,751.832
2026,6,Annet,,2566.5750000000003
2026,6,Importert,,0
2026,6,Importert,,16.508
2026,6,Importert,,1262.064
2026,6,Melvare,,0
2026,6,Pellet liten land,,0
2026,6,Pellet liten land,,90
2026,6,Pellet liten land,,539.171
2026,6,Pellet liten sjø,,0
2026,6,Pellet liten sjø,,551.5
2026,6,Pellet liten sjø,,5764.9900000000007
2026,6,Pellet liten sjø,,10651.555
2026,6,Pellet liten sjø,,14685.577
2026,6,Pellet liten sjø,,21241
2026,6,Pellet stor land,,0
2026,6,Pellet stor sjø,,0
2026,6,Pellet stor sjø,,1382
2026,6,Pellet stor sjø,,15108.999999999998
2026,6,Pellet stor sjø,,27265.166
2026,6,Pellet stor sjø,,38385.122
2026,6,Pellet stor sjø,,63948.203
2026,6,Settefisk,,162
2026,6,Settefisk,,354.5
2026,6,Settefisk,,501.525
2026,6,Settefisk,,1953.11
2026,6,Settefisk,,2719.07
2026,6,Total,,162
2026,6,Total,,2288
2026,6,Total,,34822.68
2026,6,Total,,36440
2026,6,Total,,54322.32
2026,6,Total,,80587.69
