plant_id,plant_name,plant_company,approval_number,lat,lon
Z1805151001083553176NBDJP,ALSVÅG LAKSESLAKTERI AS,ALSVÅG LAKSESLAKTERI AS,N136,68.90197502189008,15.284990000109767
Z2411291533206170128BKNHH,AMINOR AS LOVUND,AMINOR AS,N2407,66.36743500825425,12.377502999181871
Z1110241124575500147KIQZP,ARNØY LAKS SLAKTERI AS,ARNØY LAKS SLAKTERI AS,T107,70.0897400190849,20.75754998489322
Z0704301422333911190OOGQB,ASTAFJORD SLAKTERI AS,ASTAFJORD SLAKTERI AS,T470,68.7127053814303,17.427010616436224
Z0705302155125031190SJEJR,BIRKNES MARTIN E EFTF AS,MARTIN E BIRKNES EFTF AS,SF364,60.89335701013849,4.837304099429951
Z2103020906362922025VKGIQ,BLÅFJELL AS,BLÅFJELL AS,TL3,64.17465402886825,13.832035999668886
Z0704301421458251190PVFYH,BREIVOLL MARINE PRODUKTER AS,BREIVOLL MARINE PRODUKTER AS,T436,68.75940802208444,17.151041000808874
Z2605120823524162025EJUMM,CERMAQ NORWAY AS AVD LAKSESLAKTERI,CERMAQ NORWAY AS,F480,69.94721751533099,23.09479165076644
Z0704301422335251190HLNPN,CERMAQ NORWAY AS AVD SLAKTERI RYPEFJORD,CERMAQ NORWAY AS,F430,70.63495432566444,23.665153613618475
Z1801181518012603252HRBTA,CERMAQ NORWAY AS AVD SLAKTERI STEIGEN,CERMAQ NORWAY AS,N2284,67.90128102333874,15.186586000067669
Z0704301422030691189CNSFO,EGIL KRISTOFFERSEN & SØNNER AS AVD PRODUKSJON,EGIL KRISTOFFERSEN & SØNNER AS,N234,68.78503002205785,14.639609999862117
Z2407170857041770128STKGY,EIDE BRANDASUND AS AVD BRANDASUND,EIDE BRANDASUND AS,VL76,59.895115007953216,5.102495780855947
Z1010011337079631026SHONA,ELLINGSEN SEAFOOD AS AVD HOVEDKONTOR,ELLINGSEN SEAFOOD AS,N742,68.1666700229519,14.661189999875091
Z1708071416043502025AIKFO,FINNMARKSRØYA AS,FINNMARKSRØYA AS,F738,69.76998118531337,30.189142614628036
Z0704301421363131190DJUZY,FLAKSTADVÅG LAKS AS AVD KALDFARNES,FLAKSTADVÅG LAKS AS,T380,69.18968002147037,17.035780000788947
Z1607120827394212024BXVGH,GRIEG SEAFOOD ROGALAND AS AVD ERFJORD STAMFISK,GRIEG SEAFOOD ROGALAND AS,R106,59.317341015580794,6.289290234747782
Z0704301422215991189EHFHY,GRIEG SEAFOOD ROGALAND AS AVD STJERNELAKS,GRIEG SEAFOOD ROGALAND AS,R114,59.22689501156053,5.852387355150311
Z2211231343518010127PJNOY,HARDANGER SEAFOOD AS AVD BØMLO,HARDANGER SEAFOOD AS,VL59,59.612510007889945,5.245210662269906
Z1806060933487912025ZRIXG,HIDRA FISKEMOTTAK AS,HIDRA FISKEMOTTAK AS,VA69,58.23240401762809,6.535069144190052
Z1904231532112633122ODQLD,HILDE STENSEN,,N2368,65.89842424388071,14.441278173025683
Z2202111338201942025VLJEZ,HOFSETH AQUA AVD 31 SLAKTERI ÅLESUND,HOFSETH PROCESSING AS,M303,62.46999101533245,6.122837405743355
Z2405241007452030127CRCJB,HOLMØY PRODUKTER AS,HOLMØY PRODUKTER AS,N445,68.72959037443798,15.518853000810058
Z0704301424118911189JHRRD,KIRKENES PROCESSING AS,KIRKENES PROCESSING AS,F55,69.73241832988491,30.108401361799817
Z0704301423184911190AWACV,KRÅKØY SLAKTERI AS,KRÅKØY SLAKTERI AS,ST106,64.1482950281501,10.15763100256826
Z1105311515243520150MVNSI,LERØY SEAFOOD INDUSTRI AS AVDELING AUSTEVOLL,LERØY SEAFOOD INDUSTRI AS,H72,60.09179400859809,5.224406718882041
Z2605270706327572024ZCDUS,LERØY SEAFOOD INDUSTRI AS AVDELING JØSNØYA,LERØY SEAFOOD INDUSTRI AS,ST337,63.51118002750396,9.08147001577461
Z2605280717073982024HDNFW,LERØY SEAFOOD INDUSTRI AS AVDELING SKJERVØY,LERØY SEAFOOD INDUSTRI AS,T126,70.03581101890076,20.99036797875061
Z0704301422041041190OFBGG,LOFOTEN SJØPRODUKTER AS,LOFOTEN SJØPRODUKTER AS,N375,68.08585302306702,13.634182999499476
Z1208291223105233251IIPLQ,MELØY VIDEREGÅENDE SKOLE AVD INNDYR,NORDLAND FYLKESKOMMUNE UTDANNING OG KOMPETANSE,N2189,67.03504202461014,14.021198999663701
Z1201311012578810250XTDFD,MOWI AVD EGGEBØNES PROCESSING,MOWI ASA,M394,62.320864380181725,5.653821125809837
Z2311070948366250128SCXWX,MOWI AVD JØSNØYA,MOWI ASA,ST400,63.50839314588752,9.071598843998142
Z1912211249403082024JYKGJ,MOWI AVD SLAKTERI HERØY,MOWI ASA,N1115,65.99988002611533,12.269419999187708
Z2407231038434491017QPCEN,MÅSØVAL HARVEST AS,MÅSØVAL HARVEST AS,TL52,63.67220472719736,9.034887417087388
Z1708021050128163251PPUSQ,NAMDAL SEAFOOD AS,NAMDAL SEAFOOD AS,NT817,64.46722302806418,10.734415000322159
Z2504241108264712024XMLTY,NORDIC KINGFISH FREDRIKSTAD AS AVD FISKESLAKTERI,NORDIC KINGFISH FREDRIKSTAD AS,VI6,59.19500703562704,10.954543999558409
Z0910050746533480130LTAYW,NORDLAKS PRODUKTER AS AVD STOKMARKNES,NORDLAKS PRODUKTER AS,N169,68.5736430223625,14.954530999982804
Z2103221805150090128FELNE,NORWEGIAN KING PRAWNS AS,NORWEGIAN KING PRAWNS AS,R958,58.504280010332224,5.7976703276027
Z2603171348093230127MDCIQ,NOVA SEA AS AVD INDUSTRI,NOVA SEA AS,N1041,66.36549800825357,12.36920999918078
Z2604221028410720128ISRTM,NOVA SEA AS AVD INDUSTRI,NOVA SEA AS,N2413,66.36625300825358,12.372375999181124
Z1201301246319220109BARYH,ODE PROCESSING AS,ODE PROCESSING AS,M465,62.30624255679167,6.093178913817145
Z1304121527398900382BZIIE,PURE NORWEGIAN SEAFOOD AS,PURE NORWEGIAN SEAFOOD AS,M168,63.057527022657574,7.513469104925163
Z2405100948169110127YQZMU,ROAN LAKSESLAKTERI AS,ROAN LAKSESLAKTERI AS,TL51,64.17698062815744,10.214068702255556
Z1901150954094182025FGIKM,SALAKS SLAKTERI AS,SALAKS SLAKTERI AS,T400,68.89375002187622,17.6913900009726
Z0804171018571000115LHWTD,SALMAR AS AVD BEARBEIDING,SALMAR AS,ST423,63.71072202596115,8.560065032358365
Z2006301013480370128EYQOV,SALMAR AS AVD SLAKTERIANLEGG,SALMAR AS,TF423,69.27642702131811,17.922456001035208
Z0704301422213971190HOFYY,SALMAR FARMING AS AVD TORSKEN,SALMAR FARMING AS,T359,69.33616002126115,17.092970000816482
Z2202231150559570128LKGGT,SALTEN N950 AS,SALTEN N950 AS,N950,67.1374900244588,13.979519999647117
Z2305251131207332025WLHJK,SEASHORE INDUSTRI AS,SEASHORE INDUSTRI AS,H82,59.80001100760515,5.1313927518310205
Z0704301424162041189ZENLE,SEKKINGSTAD AS AVD SALG AV FISK,SEKKINGSTAD AS,H112,60.26810800860191,5.1065558147819425
Z1304170908069253102LWQWN,SIGERFJORD FISK AS,SIGERFJORD FISK AS,N152,68.64210002226338,15.526811000199825
Z2602250931297462024SJNQN,SINKABERG NT145 AS,SINKABERG NT145 AS,NT145,64.85443002767819,11.24775999950245
Z0704301423371461190OJVNU,SLAKTERIET AS,SLAKTERIET AS,SF222,61.60213201137082,5.036181993079143
Z1402261413084083180WZAKP,SLAKTERIET BREKKE AS,SLAKTERIET BREKKE AS,SF371,60.98720001114728,5.483449633061654
Z0704301422039781190YILMC,SOTRA FISKEINDUSTRI AS,SOTRA FISKEINDUSTRI AS,H66,60.21137000835569,5.052567848328272
Z1301150744070673251JDSTL,STOLT SEA FARM TURBOT NORWAY AS,STOLT SEA FARM TURBOT NORWAY AS,VA456,58.277060021035176,6.887320098863309
Z0704301421473771189MVMWW,SÆTERSTAD GÅRD AS,SÆTERSTAD GÅRD AS,N1065,65.79888302644628,14.233948999757146
Z0704301422422071190DYYEQ,TROLLTUNGA ARCTIC TROUT AS,TROLLTUNGA ARCTIC TROUT AS,H200,60.496357022298255,7.143035117198741
Z2211300927576370127JGUIX,VESTERÅLEN HAVBRUK BØ AS,VESTERÅLEN HAVBRUK BØ AS,N153,68.6972900085122,14.468229999798147
Z0704301423181931190OZNOL,VIKENCO AS,VIKENCO AS,M200,62.845520018906086,6.775250222700773
Z0704301422141341189RUKMC,VIKING FJORD AS,VIKING FJORD AS,H111,59.833990011064586,5.710428446390309
Z1209271340146770367YLDVT,ØVER HONGSET DA,ØVER HONGSET DA,N1142,65.33691002711389,12.488709999262083
